title,description,priority,date_submitted
Beautify code,Correctly indent and remove blank lines in code.,low,2024-12-11 06:01:08
Beautify code,Check formatting and indenting.,medium,2024-12-12 05:28:49
test,test,high,2024-12-12 15:49:20
test,test,low,2024-12-12 20:59:35
test,test,low,2024-12-12 22:07:01
test,test now,low,2024-12-14 22:46:41
test now now,test,low,2024-12-14 22:46:57
test,roland,low,2024-12-14 23:02:27
test,test,medium,2024-12-14 23:16:48
sadf,asdfas,low,2024-12-14 23:16:58
